{"interest_rate_name": "IR3TIB01USM156N", "average_rate": 5.0941265474552955, "rate_of_change": 0.691127486545901, "trend": "Decreasing", "min_max_rates": {"min": 0.09, "max": 18.65}}