{"interest_rate_name": "EUR_interest_rate", "average_rate": 0.0317240803178999, "rate_of_change": 1.099870974677193, "trend": "Decreasing", "min_max_rates": {"min": 0.0003455882352941, "max": 0.0444080882352941}}