{"interest_rate_name": "TURKISH_LIRA_INTEREST_RATE", "average_rate": 0.14928671950225908, "rate_of_change": 0.22532980919572437, "trend": "Decreasing", "min_max_rates": {"min": 0.037206132879046, "max": 0.4934241908006814}}